1565 - SPX GESTAO DE RECURSOS LTDA;;;;;
Período: Marco de 2024;Balancete;Data: 24/04/2024;;;
;Hora:  09:44;;;;
;;;;;
Em moeda corrente;;;;;
Conta;Descrição;Saldo anterior;Débito;Crédito;Saldo
1;ATIVO;208.297.161,76;243.720.654,83;363.108.557,58;88.909.259,01
1.1;CIRCULANTE;164.840.534,61;243.397.104,29;362.081.219,47;46.156.419,43
1.1.01;DISPONÍVEL;133.404.888,41;212.495.166,69;332.057.705,05;13.842.350,05
1.1.01.01;CAIXA;6.452,72;0,00;4.951,73;1.500,99
1.1.01.01.01;CAIXA PEQUENO;6.007,90;0,00;4.869,73;1.138,17
1.1.01.01.02;CAIXA PEQUENO - FILIAL SP;444,82;0,00;82,00;362,82
1.1.01.02;BANCOS CONTA MOVIMENTO;725.375,52;183.349.650,93;183.308.479,45;766.547,00
1.1.01.02.01;BANCO ITAU C/C CT.80332-4 AG.0311;515.174,77;69.658.694,57;69.478.001,06;695.868,28
1.1.01.02.02;BTG PACTUAL C/C CT.114673 AG.0001;0,00;5.112.182,60;5.112.182,60;0,00
1.1.01.02.05;BTG PACTUAL C/C CT.26383-4 AG.0001;85,21;107.386.793,68;107.386.878,89;0,00
1.1.01.02.19;BANCO ITAU C/C CT. 98908-0 AG. 3100;210.115,54;1.191.980,08;1.331.416,90;70.678,72
1.1.01.03;APLICAÇÕES  FINANCEIRAS;132.673.060,17;29.145.515,76;148.744.273,87;13.074.302,06
1.1.01.03.01;FUNDOS DE INVESTIMENTOS;132.673.060,17;29.145.515,76;148.744.273,87;13.074.302,06
1.1.01.03.01.001;FUNDOS DE APLICAÇÕES FINANCEIRAS - FAF;17.880.180,25;28.900.106,44;40.935.745,29;5.844.541,40
1.1.01.03.01.001.013;BANCO ITAU ITAIM CASH C/C 80332-4 AG 0311;17.880.180,25;28.900.106,44;40.935.745,29;5.844.541,40
1.1.01.03.01.002;FUNDOS DE RENDA FIXA - FRF;114.792.879,92;245.409,32;107.808.528,58;7.229.760,66
1.1.01.03.01.002.001;BTG HUMAITA CASH FI RF - AG 0001 CC 263834;104.726.509,92;17.321,21;104.743.831,13;0,00
1.1.01.03.01.002.005;SPX CASH TESOURO SELIC SIMPLES;10.066.370,00;228.088,11;3.064.697,45;7.229.760,66
1.1.02;REALIZÁVEL A CURTO PRAZO;31.435.646,20;30.901.937,60;30.023.514,42;32.314.069,38
1.1.02.01;CLIENTES;28.840.961,61;28.627.266,90;28.840.961,61;28.627.266,90
1.1.02.01.01;NO PAÍS;23.688.975,81;24.680.978,07;23.688.975,81;24.680.978,07
1.1.02.01.01.001;SPX NIMITZ MASTER FIM;4.900.527,78;4.960.343,80;4.900.527,78;4.960.343,80
1.1.02.01.01.002;SPX RAPTOR MASTER FI EXTERIOR MULTIM CP;3.483.727,49;3.286.836,72;3.483.727,49;3.286.836,72
1.1.02.01.01.003;SPX NIMITZ FEEDER FIQ DE FIM;50.917,47;50.455,15;50.917,47;50.455,15
1.1.02.01.01.004;SPX CAPITAL PORTFOLIO FIQ FIM;37.707,11;39.781,40;37.707,11;39.781,40
1.1.02.01.01.005;SPX RAPTOR FEEDER IE FIQ FIM CP;141.468,16;137.482,20;141.468,16;137.482,20
1.1.02.01.01.007;SPX RAPTOR II IE FIQ FIM CP;13.385,42;14.138,93;13.385,42;14.138,93
1.1.02.01.01.008;SPX CAPITAL PORTFOLIO PLUS IE FIQ FIM CP;25.140,80;26.151,60;25.140,80;26.151,60
1.1.02.01.01.013;SPX FALCON FIQ DE FIA;36.927,81;38.233,86;36.927,81;38.233,86
1.1.02.01.01.014;SPX FALCON MASTER FIA;3.141.121,57;3.417.210,02;3.141.121,57;3.417.210,02
1.1.02.01.01.015;SIDEWINDER FIQ FIA;48.060,07;52.035,01;48.060,07;52.035,01
1.1.02.01.01.019;SPX FALCON II FIQ DE FIA;72.442,48;97.469,31;72.442,48;97.469,31
1.1.02.01.01.020;NIMPORT FIQ FIM;177.409,57;178.212,89;177.409,57;178.212,89
1.1.02.01.01.022;HORNET FIC DE FIA;1.328.883,53;1.606.837,07;1.328.883,53;1.606.837,07
1.1.02.01.01.023;FALPORT FIC FIA;33.467,92;35.380,18;33.467,92;35.380,18
1.1.02.01.01.025;SPX NIMITZ ONE FEEDER FIQ FIM;508,58;1.621,60;508,58;1.621,60
1.1.02.01.01.026;RAPPORT IE FIC FIM CP;40.663,61;41.389,60;40.663,61;41.389,60
1.1.02.01.01.027;GROWLER FIC FIM;474.457,00;480.345,35;474.457,00;480.345,35
1.1.02.01.01.028;PROWLER FIC FIA;145.131,30;157.466,21;145.131,30;157.466,21
1.1.02.01.01.029;SPX FALCON CSHG FIC FIA;44.748,96;53.031,22;44.748,96;53.031,22
1.1.02.01.01.030;SPX NIMITZ CSHG FIQ DE FIM;35.549,07;37.791,61;35.549,07;37.791,61
1.1.02.01.01.031;SPX RAPTOR CSHG IE FIC FIM CP;110.236,48;110.876,60;110.236,48;110.876,60
1.1.02.01.01.032;CRUSADER IE FIC DE FIM CP;199.354,46;207.803,00;199.354,46;207.803,00
1.1.02.01.01.033;PUNCHER FIQ FIM;182.825,85;184.470,26;182.825,85;184.470,26
1.1.02.01.01.034;SPX NIMITZ ESTRUTURADO FIC FIM;203.792,44;212.345,49;203.792,44;212.345,49
1.1.02.01.01.035;BLACKBIRD FDO INV EM CONTAS F.INV MULTIM;59.947,65;61.026,53;59.947,65;61.026,53
1.1.02.01.01.037;TOP 2662 RENDA FIXA-FIC DE FUN DE INVEST;8.615,15;8.753,61;8.615,15;8.753,61
1.1.02.01.01.038;TOP 2615 RENDA FIXA-FIC DE FUN DE INVEST;5.265,25;5.380,87;5.265,25;5.380,87
1.1.02.01.01.039;TOP 2653 RENDA FIXA-FIC DE FUN DE INVEST;4.916,38;5.179,55;4.916,38;5.179,55
1.1.02.01.01.040;TOP 2657 RENDA FIXA - FIC FIM;31.632,46;24.564,14;31.632,46;24.564,14
1.1.02.01.01.041;TOP 2660 RENDA FIXA - FIC FIM;160.725,11;162.423,12;160.725,11;162.423,12
1.1.02.01.01.042;TOP 2649 RENDA FIXA - FIC FIM;88.373,76;91.889,27;88.373,76;91.889,27
1.1.02.01.01.045;TOP 2604 RENDA FIXA - FIC FIM;9.676,82;9.913,12;9.676,82;9.913,12
1.1.02.01.01.047;ARMATA FIC FIA;28.190,06;30.114,04;28.190,06;30.114,04
1.1.02.01.01.048;TOP 2775 RENDA FIXA - FIC FIM;6.137,10;6.515,31;6.137,10;6.515,31
1.1.02.01.01.050;NIGHTHAWK FIC DE FIA;15.318,88;15.695,14;15.318,88;15.695,14
1.1.02.01.01.051;TOP 2851 RENDA FIXA - FIC FUNDO DE INV.;64.242,13;67.911,87;64.242,13;67.911,87
1.1.02.01.01.052;TYPHOON FIC FI MULTIMERCADO;13.457,40;14.216,83;13.457,40;14.216,83
1.1.02.01.01.054;CGIRIE FIC FIM CP;7.221,90;7.521,00;7.221,90;7.521,00
1.1.02.01.01.056;SN CAPITAL FIC FIM;38.099,79;39.858,62;38.099,79;39.858,62
1.1.02.01.01.057;TOP 2771 RENDA FIXA FIC FI;5.191,61;5.595,17;5.191,61;5.595,17
1.1.02.01.01.058;TOP 2928 RENDA FIXA FIC FI;5.711,10;6.663,34;5.711,10;6.663,34
1.1.02.01.01.059;CGI FALCOM 2 FIC FIA;1.417,23;1.533,00;1.417,23;1.533,00
1.1.02.01.01.060;SPX LANCER PREVIDENCIARIO FUNDO DE INVES;349.316,44;357.527,73;349.316,44;357.527,73
1.1.02.01.01.061;TOP 3338 RENDA FIXA FUNDO DE INVEST;22.790,56;23.561,43;22.790,56;23.561,43
1.1.02.01.01.062;ENTERPRISE FUNDO DE INVESTIMENTO EM COTA;14.996,82;15.599,51;14.996,82;15.599,51
1.1.02.01.01.063;TOP 3349 RENDA FIXA FUNDO DE INVESTIMENT;177.915,59;180.008,27;177.915,59;180.008,27
1.1.02.01.01.064;AZWM SN FUNDO DE INVESTIMENTO EM COTAS;7.629,63;8.033,07;7.629,63;8.033,07
1.1.02.01.01.065;TOP 3569 RENDA FIXA;5.322,30;5.039,20;5.322,30;5.039,20
1.1.02.01.01.066;TOP 3337 RENDA FIXA;112.417,11;114.465,87;112.417,11;114.465,87
1.1.02.01.01.067;TOP 3358 RENDA FIXA;69.543,02;70.493,45;69.543,02;70.493,45
1.1.02.01.01.068;TOP 3063 RENDA FIXA;14.388,81;14.917,67;14.388,81;14.917,67
1.1.02.01.01.069;TOP 3336 RENDA FIXA FIC DE FI;20.343,44;19.736,36;20.343,44;19.736,36
1.1.02.01.01.070;TOP 3020 RENDA FIXA;1.064,26;1.125,58;1.064,26;1.125,58
1.1.02.01.01.071;GLOBEMASTER FIC FIM CP IE;5.836,42;6.148,60;5.836,42;6.148,60
1.1.02.01.01.073;CHARLES DE GAULLE FUNDO DE INVESTIMENTO;6.281,52;6.668,47;6.281,52;6.668,47
1.1.02.01.01.074;SKYRAIDER RED FUNDO DE INVESTIMENTO;2.652,60;3.833,40;2.652,60;3.833,40
1.1.02.01.01.075;LOCKHEED FUNDO DE INVESTIMENTO;1.813,23;1.962,32;1.813,23;1.962,32
1.1.02.01.01.076;FLANKER FUNDO DE INVESTIMENTO;13.698,10;0,00;13.698,10;0,00
1.1.02.01.01.077;SPITFIRE FUNDO DE INVESTIMENTO EM COTAS;6.829,99;7.392,57;6.829,99;7.392,57
1.1.02.01.01.078;HAWKER FUNDO DE INVESTIMENTO EM COTA;11.973,10;12.097,06;11.973,10;12.097,06
1.1.02.01.01.079;SPX LANCER ICATU MULTIPREVI FUNDO DE INV;20.838,46;18.775,54;20.838,46;18.775,54
1.1.02.01.01.080;SPACEX FIC FIM;131.899,57;135.989,96;131.899,57;135.989,96
1.1.02.01.01.081;TOP 3614 RENDA FIXA FIC FIM;12.359,83;12.149,09;12.359,83;12.149,09
1.1.02.01.01.082;GLOSTER FUNDO DE INVESTIMENTO EM COTAS;909,41;984,29;909,41;984,29
1.1.02.01.01.083;TOMCAT FUNDO DE INV. EM COTA DE FUNDOS;3.685,38;3.988,62;3.685,38;3.988,62
1.1.02.01.01.084;TOP 3630 RENDA FIXA FUNDO DE INV. EM COT;451.392,92;453.487,28;451.392,92;453.487,28
1.1.02.01.01.085;PREV SPX B LANCER FIC FIM;666.421,04;668.072,81;666.421,04;668.072,81
1.1.02.01.01.087;ITAU PREV SPX LANCER 2 FIC FIM;173.016,96;176.177,37;173.016,96;176.177,37
1.1.02.01.01.088;TOP 3922 FUNDO DE INVESTIMENTO;9.483,64;9.991,48;9.483,64;9.991,48
1.1.02.01.01.089;TOP 3889 FIC DE FI MM CP IE;835,50;880,16;835,50;880,16
1.1.02.01.01.090;TOP 3887 FIC DE FIA;19.932,15;20.970,27;19.932,15;20.970,27
1.1.02.01.01.091;SPX LANCER XP SEGUROS PREV FIC FIM;151.341,24;148.499,60;151.341,24;148.499,60
1.1.02.01.01.092;TOP 3888 FICFI MULTIMERCADO;46.189,39;55.577,87;46.189,39;55.577,87
1.1.02.01.01.093;TOP 4564 FICFI MULTIMERCADO CP IE.;20.956,33;22.324,95;20.956,33;22.324,95
1.1.02.01.01.094;MIRAGE 2000 FICFI MULTIMERCADO CP IE;7.086,62;7.465,80;7.086,62;7.465,80
1.1.02.01.01.095;TOP 4607 FICFI MULTIMARCADO CP IE;20.252,48;21.336,60;20.252,48;21.336,60
1.1.02.01.01.096;TOP 4643 FICFI MULTIMERCADO C PRIV I EXT;21.744,55;22.908,60;21.744,55;22.908,60
1.1.02.01.01.097;TOP 4654 FIM CP IE / NA X-15 FICFI MULTIMERCADO;13.164,86;12.996,88;13.164,86;12.996,88
1.1.02.01.01.098;TOP 4667 FICFI MULTIMERCADO CP IE;2.477,22;2.609,80;2.477,22;2.609,80
1.1.02.01.01.100;TOP 4751 FICFI MM CP IE;366,70;386,40;366,70;386,40
1.1.02.01.01.102;TOP 5148 FUND. DE INV. MULT. CRED. PRIV;509.768,54;629.013,48;509.768,54;629.013,48
1.1.02.01.01.103;TOP 5085 FIM CP IE;185.206,57;228.913,01;185.206,57;228.913,01
1.1.02.01.01.106;THUNDERBOLT FIC FIM CP IE;9.415,16;10.030,05;9.415,16;10.030,05
1.1.02.01.01.107;JOYEUSE FICI MULTIMERCADO CP ME;4.260,77;4.488,92;4.260,77;4.488,92
1.1.02.01.01.108;TOP 3020 RENDA FIXA - FUNDO DE INVESTIME;9.617,94;9.372,76;9.617,94;9.372,76
1.1.02.01.01.110;VIGGEN FIC DE FUNDOS DE INVEST - TOP 266;3.870,57;3.932,78;3.870,57;3.932,78
1.1.02.01.01.111;VIPER FUN INV EM COTAS FI MULT TOP 3614;5.552,96;5.458,28;5.552,96;5.458,28
1.1.02.01.01.112;SENTINEL FIC FIM - TOP 2649;39.704,16;41.283,59;39.704,16;41.283,59
1.1.02.01.01.113;GLOVER IE FIC FIM CP - TOP 2657;14.211,69;11.036,06;14.211,69;11.036,06
1.1.02.01.01.114;TOP 5464 FIM CP IE;7.532,36;7.935,60;7.532,36;7.935,60
1.1.02.01.01.115;TOP 4732 FICFI MM;56.420,52;58.179,63;56.420,52;58.179,63
1.1.02.01.01.116;TOP 5391 FICFI MM CP IE;11.743,33;12.372,00;11.743,33;12.372,00
1.1.02.01.01.117;TOP 5428 FICFIM;788,77;837,30;788,77;837,30
1.1.02.01.01.118;TOP 5149 FIM CP IE;2.740,36;2.877,64;2.740,36;2.877,64
1.1.02.01.01.119;TOP 5764 FIM CP IE;18.185,85;19.263,60;18.185,85;19.263,60
1.1.02.01.01.120;TOP 5815 FIM CP IE;55.933,29;77.552,43;55.933,29;77.552,43
1.1.02.01.01.128;SPX LANCER SVP FICFIM;4.370,75;4.631,60;4.370,75;4.631,60
1.1.02.01.01.129;SPX NIMITZ FEEDER GERAL FICFIM;22.875,97;22.668,25;22.875,97;22.668,25
1.1.02.01.01.130;RYAN JULIUS FIC FIM;29.020,69;30.152,69;29.020,69;30.152,69
1.1.02.01.01.131;SPX RAPTOR ITAU 180 FICFI MULTIMERCADO CP;17.057,25;17.970,20;17.057,25;17.970,20
1.1.02.01.01.132;SPX RAPTOR P FICFI MULTIMERCADO CP E;2.743,60;2.890,40;2.743,60;2.890,40
1.1.02.01.01.133;SPX RAPTOR 180 ADVISORY FICFI MULTIMERCADO CPIE;8.541,83;8.999,00;8.541,83;8.999,00
1.1.02.01.01.135;SPX LONG BIAS PREVIDENCIARIO MASTER FIM;408.360,50;428.108,89;408.360,50;428.108,89
1.1.02.01.01.137;SPX PREV LONG BIAS ICATU2 FICFI MM;1.170,19;0,02;1.170,19;0,02
1.1.02.01.01.138;SPX RAPTOR WHG FICFI CP IE;15.181,00;15.438,40;15.181,00;15.438,40
1.1.02.01.01.140;NIMITZ ICATU VANGUARDA FICFI MULTIMERCADO;6.054,00;5.055,39;6.054,00;5.055,39
1.1.02.01.01.143;SPX SEAHAWK WHG FICFI CP LP;21.587,27;19.289,90;21.587,27;19.289,90
1.1.02.01.01.144;SPX SEAHAWK GLOBAL FICFI MM CP;88,25;1.195,45;88,25;1.195,45
1.1.02.01.01.145;SPX RAPTOR G5 180 FICFI MULT CP IE;5.679,48;5.983,40;5.679,48;5.983,40
1.1.02.01.01.146;SPX FALCON INSTITUCIONAL FICFI MULTIMERC;8.634,56;9.374,65;8.634,56;9.374,65
1.1.02.01.01.148;SPX FALCON INSTITUCIONAL MASTER FI MULTI;96.302,95;62.468,78;96.302,95;62.468,78
1.1.02.01.01.149;SPX FALCON WHG FICFIA;49.765,71;53.881,74;49.765,71;53.881,74
1.1.02.01.01.150;SPX FALCON INSTITUCIONAL CSHG FICFI MULT;4.895,15;1.938,31;4.895,15;1.938,31
1.1.02.01.01.151;VTR SR FIC DE FI MM CP IE;375,37;395,44;375,37;395,44
1.1.02.01.01.153;TOP 6844 FUNDO DE INVESTIMENTO MULTIMERC;0,20;0,00;0,20;0,00
1.1.02.01.01.154;TOP 6841 FUNDO DE INVESTIMENTO MULTIMERC;2.018.903,70;2.121.074,33;2.018.903,70;2.121.074,33
1.1.02.01.01.155;TOP 6884 FUNDO DE INVESTIMENTO MULTIMERC;3.852,06;4.058,20;3.852,06;4.058,20
1.1.02.01.01.156;TOP 6883 FUNDO DE INVESTIMENTO MULTIMERC;4.219,53;3.898,89;4.219,53;3.898,89
1.1.02.01.01.157;TOP 5392 FUND DE INVESTIMENTO MULTIMERC;1.398,70;1.368,24;1.398,70;1.368,24
1.1.02.01.01.158;TOP 6967 FUNDO DE INVESTIMENTO MULTIMERC;1.731,30;1.837,88;1.731,30;1.837,88
1.1.02.01.01.159;TOP 6843 FUNDO DE INVESTIMENTO MULTIMERC;0,01;0,01;0,01;0,01
1.1.02.01.01.161;TOP 6853 MULTIPREVI FICFIM;818,43;0,00;818,43;0,00
1.1.02.01.01.162;TOP 7148 FUNDO DE INVESTIMENTO MULTIMERCADO CREDITO PRIVADO INVESTIMENTO;0,02;0,00;0,02;0,00
1.1.02.01.01.163;TOP 7145 FUNDO DE INVESTIMENTO MULTIMERCADO CREDITO PRIVADO INVESTIMENTO;73.219,03;63.100,28;73.219,03;63.100,28
1.1.02.01.01.168;TOP 7513 FUNDO DE INVESTIMENTO MULTIMERC;38.861,29;42.561,98;38.861,29;42.561,98
1.1.02.01.01.169;TOP 5066 FUNDO DE INVESTIMENTO MULTIMERC;2.627,09;2.932,40;2.627,09;2.932,40
1.1.02.01.01.170;TOP 5692 FUNDO DE INVESTIMENTO MULTIMERC;498,25;58,65;498,25;58,65
1.1.02.01.01.171;TOP 7890 FUNDO DE INVESTIMENTO MULTIMERC;1.090,98;1.149,20;1.090,98;1.149,20
1.1.02.01.01.172;TOP 6851 FUNDO DE INVESTIMENTO MULTIMERC;871,88;897,59;871,88;897,59
1.1.02.01.01.173;TOP 7765 FUNDO DE INVESTIMENTO MULTIMERCADO CREDITO;1.787,01;1.640,32;1.787,01;1.640,32
1.1.02.01.01.175;TOP 7765 FUNDO DE INVESTIMENTO MULTIMERCADO;3.977,54;3.651,04;3.977,54;3.651,04
1.1.02.01.01.176;MIM-104 FIC DE FIA;2.175,45;2.338,23;2.175,45;2.338,23
1.1.02.01.01.177;SPX PATRIOT FUNDO DE INVESTIMENTO;17.416,10;19.314,22;17.416,10;19.314,22
1.1.02.01.01.178;TOP 5725 FUNDO DE INVESTIMENTO MULTIMERCADO;2.888,26;3.113,98;2.888,26;3.113,98
1.1.02.01.01.179;RAFALE FUNDO DE INVESTIMENTO EM COTAS;5.093,64;5.467,96;5.093,64;5.467,96
1.1.02.01.01.180;SPX APACHE MASTER FUNDO DE INVESTIMENTO;22.529,25;25.513,35;22.529,25;25.513,35
1.1.02.01.01.181;VENOM FUNDO DE INVESTIMENTO EM COTAS DE FUNDOS;122.983,36;143.089,04;122.983,36;143.089,04
1.1.02.01.01.182;PHANTOM FUNDO DE INVESTIMENTO EM COTAS;93.489,57;109.366,80;93.489,57;109.366,80
1.1.02.01.01.183;SPX PATRIOT MASTER FUNDO DE INVESTIMENTO;629.804,65;698.399,36;629.804,65;698.399,36
1.1.02.01.01.184;SPX APACHE FIQ FIA;471.658,12;526.527,45;471.658,12;526.527,45
1.1.02.01.01.186;TOP 5440 FUNDO DE INVESTIMENTO MULTIMERCADO CREDITO PRIVADO;444,13;478,47;444,13;478,47
1.1.02.01.01.189;F35 LIGHTNING FUNDO DE INVESTIMENTO EM COTAS;2.565,85;2.993,67;2.565,85;2.993,67
1.1.02.01.01.190;ILLUSTRIOUS FIC DE FIM;4.347,55;4.453,72;4.347,55;4.453,72
1.1.02.01.01.191;VRB N FIC MM;2.757,25;2.927,17;2.757,25;2.927,17
1.1.02.01.01.192;GUNNER FIQ FIM MM CP IE;2.208,81;2.327,05;2.208,81;2.327,05
1.1.02.01.01.195;F22 FUNDO DE INVESTIMENTO EM COTAS;10.239,23;10.585,57;10.239,23;10.585,57
1.1.02.01.01.196;J JAYHAWK FUNDO DE INVESTIMENTO EM COTAS;2.365,55;2.417,49;2.365,55;2.417,49
1.1.02.01.01.197;SPX RAPTOR II MULTI IE CP FIQ FIM;6.013,74;6.352,27;6.013,74;6.352,27
1.1.02.01.01.199;RAPTOR L FIC FI MM CP IE;28.862,40;30.511,13;28.862,40;30.511,13
1.1.02.01.01.200;GRIPEN ADVERSORY FUNDO DE INVESTIMENTO EM COTAS;72.209,83;72.972,70;72.209,83;72.972,70
1.1.02.01.01.205;NIGHTHAWK FIC FIA;10.212,59;10.463,42;10.212,59;10.463,42
1.1.02.01.01.208;SPX RAPTOR 180 OIKOS FICFI MM;938,41;988,60;938,41;988,60
1.1.02.01.01.210;NIGHTHAWK 2 FICFIA;20.511,74;22.348,22;20.511,74;22.348,22
1.1.02.01.01.213;SPX FALCON WHG 2 FICFIA;32.998,10;31.049,24;32.998,10;31.049,24
1.1.02.01.01.216;SPX FALCON VC FIC FIA;17.796,49;19.096,00;17.796,49;19.096,00
1.1.02.01.01.217;TOP 7740 FIM;6.462,04;4.673,42;6.462,04;4.673,42
1.1.02.01.01.218;SPX RFB FIC FI MULTIMERCADO CPIE;31.032,13;32.693,80;31.032,13;32.693,80
1.1.02.01.01.219;GLOSTER 2 FUNDO DE INVEST FIA;2.031,99;2.323,38;2.031,99;2.323,38
1.1.02.01.01.220;SPX HORNET EQUITY HEDGE E FICFI MULT;4.593,71;4.841,63;4.593,71;4.841,63
1.1.02.01.01.221;SPX RAPTOR EKHO FICFI MM CP IE;1.787,11;3.134,20;1.787,11;3.134,20
1.1.02.01.01.223;SPX LANCER ICATU MULTIPREVI SC FICFI MULT;157.846,10;158.159,37;157.846,10;158.159,37
1.1.02.01.01.224;SPX PREV LONG BIAS ICATU FIE II SC FICFI MULT;0,03;0,02;0,03;0,02
1.1.02.01.01.225;SPX HORNET EQUITY HEDGE UBS FIF CIC MULT;1.240,30;2.901,14;1.240,30;2.901,14
1.1.02.01.01.226;SPX SEAHAWK DEB INCENTIVADAS FI FIN INVE;2.962,16;4.535,45;2.962,16;4.535,45
1.1.02.01.01.228;SPX SEAHAWK DEB INCENT FIF CIC INVEST IN;0,00;65,26;0,00;65,26
1.1.02.01.01.229;SPX HORNET EQUITY HEDGE CI FIF CIC MULT;0,00;1.181,63;0,00;1.181,63
1.1.02.01.01.231;SPX HORNET EQUITY HEDGE XP FIF CLASS INV;4.128,65;12.374,03;4.128,65;12.374,03
1.1.02.01.01.232;SPX HORNET EQUITY HEDGE ANDBANK FIF CIC;1.105,24;3.133,44;1.105,24;3.133,44
1.1.02.01.02;NO EXTERIOR;5.151.985,80;3.946.288,83;5.151.985,80;3.946.288,83
1.1.02.01.02.004;SPX FUND SPC SEGREGATE PORTIFOLIO GLOBAL;2.624.932,94;1.409.713,67;2.624.932,94;1.409.713,67
1.1.02.01.02.005;SPX FUND SPC SEGREGATED PORTFOLIO EXCLUS;1.347.773,72;1.391.316,22;1.347.773,72;1.391.316,22
1.1.02.01.02.006;SPX FUND SPC-SEGREGATED PORTFOLIO EQUIT.;155.203,26;68.335,25;155.203,26;68.335,25
1.1.02.01.02.007;SPX FUND SPC-SEGREGATED PORTFOLIO HAWKER;99.326,30;101.696,04;99.326,30;101.696,04
1.1.02.01.02.009;SPX SEAFIRE FUND SEGREGATED PORTFOLIO ONE;8.718,58;9.328,67;8.718,58;9.328,67
1.1.02.01.02.010;SPX GLOBAL FUND SPC - SEGREGATED PORTFOLIO SKYHAWK;493.878,47;494.796,41;493.878,47;494.796,41
1.1.02.01.02.011;SPX FUND SPC - SEGREGATED PORTF EXTENDER;15.074,47;16.183,84;15.074,47;16.183,84
1.1.02.01.02.012;SPX FUND SPC - SECREGATED PROTF ROCKWELL;203.748,83;237.883,59;203.748,83;237.883,59
1.1.02.01.02.014;SPX Fund SPC - SEGREGATED PORTFOLIO VICK;18.867,24;20.091,58;18.867,24;20.091,58
1.1.02.01.02.016;SPX GLOBAL FUND SPC - SEGREGATED PORTFOLIO GLOBAL EAGLE;83.270,42;82.383,74;83.270,42;82.383,74
1.1.02.01.02.018;DYNAMIC GLOBAL MACRO US FUND LP;101.191,57;108.304,73;101.191,57;108.304,73
1.1.02.01.02.019;GLOBAL MACRO STRATEGY US FUND LLC;0,00;6.255,09;0,00;6.255,09
1.1.02.15;CONTAS A  RECEBER;13.091,00;0,00;0,00;13.091,00
1.1.02.15.01;ATHIE WOHNRATH PROJETOS E GERENCIAMENTO;2.484,52;0,00;0,00;2.484,52
1.1.02.15.98;CARTÃO DE CREDITO ITAUCARD;10.606,48;0,00;0,00;10.606,48
1.1.02.16;CONTAS A RECEBER;3.360,44;2.177,77;2.177,77;3.360,44
1.1.02.16.65;COMPASS TECNOLOGIA LTDA;747,60;0,00;0,00;747,60
1.1.02.16.66;INNERA INSTALAÇÕES, MANUTENÇÕES E SERVIÇOS;1.142,84;0,00;0,00;1.142,84
1.1.02.16.70;C8 EVENTOS EIRELI;1.470,00;0,00;0,00;1.470,00
1.1.02.16.71;FL SERVICOS E CONSULTORIA EM TECNOLOGIA E ARQUITETURA LTDA;0,00;2.177,77;2.177,77;0,00
1.1.02.17;CRÉDITOS  DE EMPREGADOS;315.511,06;328.586,63;414.698,65;229.399,04
1.1.02.17.03;ADIANTAMENTOS  DE FÉRIAS;268.721,06;276.606,63;414.698,65;130.629,04
1.1.02.17.03.001;DIVERSOS;211.410,70;239.775,37;339.717,62;111.468,45
1.1.02.17.03.999;IRRF S/ADIANT. FÉRIAS;57.310,36;36.831,26;74.981,03;19.160,59
1.1.02.17.04;ADIANTAMENTO DE 13º SALÁRIO;46.790,00;51.980,00;0,00;98.770,00
1.1.02.17.04.001;ADIANTAMENTO 13 SALARIO;46.790,00;51.980,00;0,00;98.770,00
1.1.02.22;ADIANTAMENTOS AOS  FORNECEDORES;126.489,74;48.630,89;65.156,16;109.964,47
1.1.02.22.17;DELL COMPUTADORES LTDA;34.507,82;48.486,71;29.336,16;53.658,37
1.1.02.22.38;KABUM S/A;51.394,24;0,00;0,00;51.394,24
1.1.02.22.49;CARTÃO DE CREDITO;267,68;144,18;0,00;411,86
1.1.02.22.62;EVENTOS;39.900,00;0,00;35.400,00;4.500,00
1.1.02.22.65;FACILITY RIO COMERCIO ATACADISTA E SOLUCOES;420,00;0,00;420,00;0,00
1.1.02.27;IMPOSTO DE  RENDA  A RECUPERAR;1.106.469,50;474.855,11;0,00;1.581.324,61
1.1.02.27.01;IRRF S/APLICAÇÕES FINANCEIRAS;957.494,17;473.798,85;0,00;1.431.293,02
1.1.02.27.01.008;ANO CALENDÁRIO - ATUAL;957.494,17;473.798,85;0,00;1.431.293,02
1.1.02.27.05;IRRF - RECOLHIMENTO A MAIOR;3.762,13;24,74;0,00;3.786,87
1.1.02.27.05.001;CÓD. 1708 IRRF S/SERVIÇOS PRESTADOS - PJ;1.052,29;7,79;0,00;1.060,08
1.1.02.27.05.002;CÓD.0561 IRRF S/FOLHA DE PAGAMENTO;2.709,84;16,95;0,00;2.726,79
1.1.02.27.07;SALDO NEGATIVO DE IRPJ;138.457,89;909,93;0,00;139.367,82
1.1.02.27.07.004;ANO-CALENDÁRIO - 2022;138.457,89;909,93;0,00;139.367,82
1.1.02.27.99;IRPJ - RECOLHIMENTO A MAIOR;6.755,31;121,59;0,00;6.876,90
1.1.02.27.99.007;ANO-CALENDÁRIO - 2023;6.755,31;121,59;0,00;6.876,90
1.1.02.28;OUTROS IMPOSTOS A RECUPERAR;14.247,14;0,00;0,00;14.247,14
1.1.02.28.03;ISS;14.247,14;0,00;0,00;14.247,14
1.1.02.28.03.004;"ANO-CALENDÁRIO - ""2021""";413,57;0,00;0,00;413,57
1.1.02.28.03.005;"ANO-CALENDÁRIO - ""2022""";13.833,57;0,00;0,00;13.833,57
1.1.02.29;CONTRIBUIÇÕES SOCIAIS A RECUPERAR;8.251,65;181.188,34;181.107,80;8.332,19
1.1.02.29.02;INSS;5.819,74;36,76;0,00;5.856,50
1.1.02.29.02.005;INSS A RECUPERAR - 2021;4.616,94;28,69;0,00;4.645,63
1.1.02.29.02.006;INSS A RECUPERAR - 2022;1.120,61;7,44;0,00;1.128,05
1.1.02.29.02.007;INSS A RECUPERAR - 2023;82,19;0,63;0,00;82,82
1.1.02.29.03;PIS;0,00;32.305,73;32.305,73;0,00
1.1.02.29.03.001;PIS A DESCONTAR AQUISIÇÃO NACIONAL;0,00;25.289,84;25.289,84;0,00
1.1.02.29.03.003;PIS A DESCONTAR S/IMPORTAÇÃO;0,00;7.015,89;7.015,89;0,00
1.1.02.29.05;COFINS;0,00;148.802,07;148.802,07;0,00
1.1.02.29.05.001;COFINS A DESCONTAR AQUISIÇÃO NACIONAL;0,00;116.486,50;116.486,50;0,00
1.1.02.29.05.003;COFINS A DESCONTAR S/ IMPORTAÇÃO;0,00;32.315,57;32.315,57;0,00
1.1.02.29.99;CSLL- RECOLHIMENTO A MAIOR;2.431,91;43,78;0,00;2.475,69
1.1.02.29.99.007;ANO-CALENDÁRIO - 2023;2.431,91;43,78;0,00;2.475,69
1.1.02.40;DESPESA ANTECIPADA;927.962,81;1.239.231,96;519.412,43;1.647.782,34
1.1.02.40.01;PESSOAL;384.934,38;381.532,83;384.934,38;381.532,83
1.1.02.40.01.001;VALE TRANSPORTE;10.825,38;10.161,83;10.825,38;10.161,83
1.1.02.40.01.002;VALE REFEIÇÃO;374.109,00;371.371,00;374.109,00;371.371,00
1.1.02.40.02;ADMINISTRATIVA;111.945,19;0,00;16.957,54;94.987,65
1.1.02.40.02.001;ASSINATURAS;106.594,35;0,00;16.047,64;90.546,71
1.1.02.40.02.001.001;FUND. INST. PESQUISAS ECONÔMICAS - FIPE;1.737,00;0,00;260,55;1.476,45
1.1.02.40.02.001.002;FUNDAÇÃO GETULIO VARGAS - FGV;98.780,26;0,00;14.458,71;84.321,55
1.1.02.40.02.001.009;EDITORA GLOBO;580,23;0,00;257,88;322,35
1.1.02.40.02.001.011;ARENA HOLDINGS LTD.;225,38;0,00;53,58;171,80
1.1.02.40.02.001.012;TRIVIUM;3.117,56;0,00;798,71;2.318,85
1.1.02.40.02.001.013;ISSU INC;2.153,92;0,00;218,21;1.935,71
1.1.02.40.02.002;PRÊMIOS DE SEGUROS;5.350,84;0,00;909,90;4.440,94
1.1.02.40.02.002.003;ZURICH MINAS BRASIL SEGUROS S.A.;1.861,67;0,00;228,21;1.633,46
1.1.02.40.02.002.006;SEGUROS SURA S/A;3.489,17;0,00;681,69;2.807,48
1.1.02.40.03;FINANCEIRAS;8.536,33;0,00;1.979,22;6.557,11
1.1.02.40.03.002;COMISSÃO S/FIANÇA;8.536,33;0,00;1.979,22;6.557,11
1.1.02.40.03.002.002;ITAU UNIBANCO S/A;8.536,33;0,00;1.979,22;6.557,11
1.1.02.40.05;LICENÇAS;422.546,91;857.699,13;115.541,29;1.164.704,75
1.1.02.40.05.001;MONDAY.COM LTD;48.909,74;857.699,13;74.001,96;832.606,91
1.1.02.40.05.002;4DEAL SOLUTIONS TECNOLOGIA EM INFORMATICA LTDA;20.761,60;0,00;7.483,82;13.277,78
1.1.02.40.05.003;TD SYNNEX BRASIL LTDA;6.603,35;0,00;2.380,26;4.223,09
1.1.02.40.05.005;LANSWEEPER STARTER 2000;8.875,61;0,00;1.091,84;7.783,77
1.1.02.40.05.006;FALCON ENTERPRISE;62.169,02;0,00;7.647,78;54.521,24
1.1.02.40.05.007;SALESFORCE TECNOLOGIA LTDA;275.227,59;0,00;22.935,63;252.291,96
1.1.02.41;DESPESAS PAGAS ANTECIPADAMENTE;79.301,25;0,00;0,00;79.301,25
1.1.02.41.01;EVENTOS PAGOS ANTECIPADAMENTE;79.301,25;0,00;0,00;79.301,25
1.5;NÃO CIRCULANTE;43.456.627,15;323.550,54;1.027.338,11;42.752.839,58
1.5.02;INVESTIMENTOS;525.810,00;0,00;0,00;525.810,00
1.5.02.04;OBRAS DE ARTE;525.810,00;0,00;0,00;525.810,00
1.5.02.04.01;OBRA DE ARTE;525.810,00;0,00;0,00;525.810,00
1.5.02.04.01.001;VALOR CONTÁBIL;525.810,00;0,00;0,00;525.810,00
1.5.03;IMOBILIZADO;22.436.452,84;154.361,00;437.469,11;22.153.344,73
1.5.03.01;IMOBILIZAÇÕES  TÉCNICAS;22.436.452,84;154.361,00;437.469,11;22.153.344,73
1.5.03.01.04;INSTALAÇÕES;11.416,54;0,00;634,23;10.782,31
1.5.03.01.04.001;VALOR CONTÁBIL;76.108,00;0,00;0,00;76.108,00
1.5.03.01.04.092;DEPR./EXAUST.ACUMULADA;-64.691,46;0,00;634,23;-65.325,69
1.5.03.01.04.092.001;VALOR CONTÁBIL;-64.691,46;0,00;634,23;-65.325,69
1.5.03.01.05;MÁQUINAS E EQUIPAMENTOS;90.060,64;0,00;1.858,34;88.202,30
1.5.03.01.05.001;VALOR CONTÁBIL;189.330,11;0,00;0,00;189.330,11
1.5.03.01.05.092;DEPR./EXAUST.ACUMULADA;-99.269,47;0,00;1.858,34;-101.127,81
1.5.03.01.05.092.001;VALOR CONTÁBIL;-99.269,47;0,00;1.858,34;-101.127,81
1.5.03.01.07;MÓVEIS E UTENSÍLIOS;1.448.870,53;2.699,00;20.728,56;1.430.840,97
1.5.03.01.07.001;VALOR CONTÁBIL;3.746.972,10;2.699,00;0,00;3.749.671,10
1.5.03.01.07.092;DEPR./EXAUST.ACUMULADA;-2.298.101,57;0,00;20.728,56;-2.318.830,13
1.5.03.01.07.092.001;VALOR CONTÁBIL;-2.298.101,57;0,00;20.728,56;-2.318.830,13
1.5.03.01.09;EQUIPAMENTOS DE COMUNICAÇÃO;224.110,51;0,00;5.710,27;218.400,24
1.5.03.01.09.001;VALOR CONTÁBIL;1.587.019,54;0,00;0,00;1.587.019,54
1.5.03.01.09.092;DEPR./EXAUST.ACUMULADA;-1.362.909,03;0,00;5.710,27;-1.368.619,30
1.5.03.01.09.092.001;VALOR CONTÁBIL;-1.362.909,03;0,00;5.710,27;-1.368.619,30
1.5.03.01.12;EQUIPAMENTOS DE INFORMÁTICA;3.477.768,28;151.662,00;93.545,75;3.535.884,53
1.5.03.01.12.001;VALOR CONTÁBIL;6.955.018,91;151.662,00;0,00;7.106.680,91
1.5.03.01.12.092;DEPR./EXAUST.ACUMULADA;-3.477.250,63;0,00;93.545,75;-3.570.796,38
1.5.03.01.12.092.001;VALOR CONTÁBIL;-3.477.250,63;0,00;93.545,75;-3.570.796,38
1.5.03.01.14;BENFEITORIAS EM IMÓVEIS DE TERCEIROS;17.184.226,34;0,00;314.991,96;16.869.234,38
1.5.03.01.14.001;VALOR CONTÁBIL;25.894.662,36;0,00;0,00;25.894.662,36
1.5.03.01.14.092;DEPR./EXAUST.ACUMULADA;-8.710.436,02;0,00;314.991,96;-9.025.427,98
1.5.03.01.14.092.001;VALOR CONTÁBIL;-8.710.436,02;0,00;314.991,96;-9.025.427,98
1.5.04;INTANGÍVEL;476.532,28;169.189,54;15.360,73;630.361,09
1.5.04.01;MARCAS E PATENTES;6.471,49;0,00;0,00;6.471,49
1.5.04.01.01;VALOR CONTÁBIL;6.471,49;0,00;0,00;6.471,49
1.5.04.02;SOFTWARE;470.060,79;169.189,54;15.360,73;623.889,60
1.5.04.02.01;VALOR CONTÁBIL;2.332.664,57;169.189,54;0,00;2.501.854,11
1.5.04.02.92;AMORTIZAÇÃO ACUMULADA;-1.862.603,78;0,00;15.360,73;-1.877.964,51
1.5.04.02.92.001;VALOR CONTÁBIL;-1.862.603,78;0,00;15.360,73;-1.877.964,51
1.5.06;DIREITO DE USO;20.017.832,03;0,00;574.508,27;19.443.323,76
1.5.06.01;ALUGUEL;20.017.832,03;0,00;574.508,27;19.443.323,76
1.5.06.01.01;ALUGUEL - CONTRATO DE LOCAÇÃO;38.620.232,41;0,00;0,00;38.620.232,41
1.5.06.01.92;AMORTIZAÇÃO ACUMULADA;-18.602.400,38;0,00;574.508,27;-19.176.908,65
1.5.06.01.92.001;ALUGUEL - CONTRATO DE LOCAÇÃO;-18.602.400,38;0,00;574.508,27;-19.176.908,65
2;PASSIVO;-181.534.240,92;147.989.643,17;17.364.235,88;-50.908.833,63
2.1;CIRCULANTE;-52.760.063,81;41.634.566,25;17.346.401,85;-28.471.899,41
2.1.01;IMPOSTOS E TAXAS A RECOLHER;-27.503.871,86;27.857.374,94;1.402.579,71;-1.049.076,63
2.1.01.01;CÓD.0561 IRRF S/FOLHA DE PAGAMENTO;-609.772,47;609.772,47;466.269,30;-466.269,30
2.1.01.05;CÓD. 1708 IRRF S/SERVIÇOS PRESTADOS - PJ;-4.504,53;4.504,53;5.703,71;-5.703,71
2.1.01.10;ISS - TERCEIROS;-2.687,84;61.523,96;63.394,43;-4.558,31
2.1.01.11;ISS;-576.819,10;576.817,63;572.543,84;-572.545,31
2.1.01.13;CÓD 0422 IR S/ IMPORTAÇÃO DE SERVIÇO;0,00;22.531,14;22.531,14;0,00
2.1.01.14;CÓD 0473 IR S/ IMPORTAÇÃO DE SERVIÇO;0,00;256.322,65;256.322,65;0,00
2.1.01.17;CÓD. 3562 IRRF S/ PARTICIP NOS LUCROS;-26.310.087,92;26.310.087,92;0,00;0,00
2.1.01.19;CIDE - CONTRIB. INTERV. DOMÍNIO ECONÔMICO;0,00;15.814,64;15.814,64;0,00
2.1.02;CONTRIBUIÇÕES SOCIAIS A RECOLHER;-3.078.306,38;3.379.987,84;3.572.490,25;-3.270.808,79
2.1.02.01;INSS;-810.936,07;810.935,96;860.604,28;-860.604,39
2.1.02.02;FGTS;-199.479,22;199.479,21;233.793,10;-233.793,11
2.1.02.05;CONTRIBUIÇÕES AOS SINDICATOS;-4.740,00;4.740,00;20.787,06;-20.787,06
2.1.02.08;INSS S/CESSÃO MÃO-DE-OBRA;-17.516,99;17.516,99;18.851,07;-18.851,07
2.1.02.08.99;INSS S/ CESSÃO DE MÃO-DE-OBRA;-17.516,99;17.516,99;18.851,07;-18.851,07
2.1.02.09;CONTRIBUIÇÕES RETIDAS S/SERV. PRESTADOS;-26.285,94;26.285,95;20.875,48;-20.875,47
2.1.02.09.01;CÓD. 5952 CSLL/PIS/COFINS;-26.285,94;26.285,95;20.875,48;-20.875,47
2.1.02.10;PIS;-357.840,82;411.654,30;430.702,99;-376.889,51
2.1.02.10.01;CÓD. 6912 PIS NÃO-CUMULATIVO;-357.840,82;390.146,55;409.195,24;-376.889,51
2.1.02.10.04;CÓD. 5434 PIS S/IMPORTAÇÃO DE SERVIÇOS;0,00;21.507,75;21.507,75;0,00
2.1.02.11;COFINS;-1.661.507,34;1.909.375,43;1.986.876,27;-1.739.008,18
2.1.02.11.01;CÓD. 5856 COFINS NÃO-CUMULATIVA;-1.661.507,34;1.810.309,41;1.887.810,25;-1.739.008,18
2.1.02.11.04;CÓD. 5442 COFINS S/IMPORTAÇÃO SERVIÇOS;0,00;99.066,02;99.066,02;0,00
2.1.03;SALÁRIOS A  PAGAR;0,00;1.863.350,05;1.863.350,05;0,00
2.1.03.01;FOLHA DO MÊS;0,00;1.863.350,05;1.863.350,05;0,00
2.1.05;CONTAS  A PAGAR;-341.447,06;679.101,80;626.883,59;-289.228,85
2.1.05.01;"GRUPO ""A""";-37.754,62;39.432,90;13.403,20;-11.724,92
2.1.05.01.06;ASSIS E TEODORO ADM DE BENS PROPRIOS;-15.132,05;15.132,05;0,00;0,00
2.1.05.01.18;ANDROMEDA INSTALAÇÃO E MANUTENÇÃO INDUST;0,00;961,49;1.922,98;-961,49
2.1.05.01.30;AGIS EQUIPAMENTOS E SERVIÇOS DE INFORMATICA;-8.333,94;8.333,94;0,00;0,00
2.1.05.01.41;ACS SERVIÇOS E SOLUÇÕES EM INFORMATICA LTDA;-14.288,63;15.005,42;11.480,22;-10.763,43
2.1.05.02;"GRUPO ""B""";-9.277,45;9.277,45;0,00;0,00
2.1.05.02.13;BARBOSA MUSSNICH ARAGAO;-4.352,45;4.352,45;0,00;0,00
2.1.05.02.20;BICHARA SOCIEDADE DE ADVOGADOS;-4.925,00;4.925,00;0,00;0,00
2.1.05.03;"GRUPO ""C""";-1.600,00;154.269,08;152.669,08;0,00
2.1.05.03.12;COLD CONTROL AR CONDICIONADO LTDA;-1.600,00;1.600,00;0,00;0,00
2.1.05.03.21;CARTÃO DE CRÉDITO ITAUCARD;0,00;152.669,08;152.669,08;0,00
2.1.05.04;"GRUPO ""D""";-133,45;36.822,38;40.011,21;-3.322,28
2.1.05.04.01;DOMINGUES E PINHO CONTADORES;-133,45;35.455,56;35.322,11;0,00
2.1.05.04.18;DCLOUDWARE CONSULTORIA EM INFORMATICA LTDA;0,00;0,00;3.322,28;-3.322,28
2.1.05.04.19;DOCUSIGN BRASIL SOLUCOES EM TECNOLOGIA LTDA;0,00;381,82;381,82;0,00
2.1.05.04.28;DELOITTE TOUCHE TOHMATSU CONSULTORES LTDA;0,00;985,00;985,00;0,00
2.1.05.05;"GRUPO ""E""";-75.106,25;75.106,25;12.263,99;-12.263,99
2.1.05.05.15;EURASIA BRASIL CONSUlTORIA E PART. LTDA;-75.106,25;75.106,25;12.263,99;-12.263,99
2.1.05.06;"GRUPO ""F""";-1.254,49;24.793,09;58.418,44;-34.879,84
2.1.05.06.02;FREITAS E LEITE ADVOGADOS;0,00;3.070,34;3.070,34;0,00
2.1.05.06.05;FRANRIO 01 SERV PROF DE LIMPEZA LTDA;0,00;20.468,26;20.468,26;0,00
2.1.05.06.22;FRI COMERCIO DE COSMETICOS E PERFUMARIA;-1.254,49;1.254,49;0,00;0,00
2.1.05.06.23;FL SERVIÇOS E CONSULTORIA EM TECNOLOGIA;0,00;0,00;34.879,84;-34.879,84
2.1.05.09;"GRUPO ""I""";-2.232,12;0,00;1.723,75;-3.955,87
2.1.05.09.15;INNERA INSTALAÇÕES, MANUTENÇÕES E SERVIÇOS - EPP;-2.232,12;0,00;1.723,75;-3.955,87
2.1.05.11;"GRUPO ""K""";-35.181,20;77.859,23;77.859,23;-35.181,20
2.1.05.11.07;K&L GATES LLP-CONSULT. DIR. ESTRANG.;-35.181,20;0,00;0,00;-35.181,20
2.1.05.11.08;KPMG AUDITORES INDEPENDENTES;0,00;77.859,23;77.859,23;0,00
2.1.05.12;"GRUPO ""L""";-67.645,00;132.155,55;70.235,36;-5.724,81
2.1.05.12.20;LCC INTERMEDIACAO DE NEGOCIOS LTDA;-67.645,00;132.155,55;70.235,36;-5.724,81
2.1.05.13;"GRUPO ""M""";0,00;0,00;74.331,05;-74.331,05
2.1.05.13.18;MOODY'S AMERICA LATINA LTDA;0,00;0,00;74.331,05;-74.331,05
2.1.05.15;"GRUPO ""O""";-68.241,45;81.053,16;80.428,40;-67.616,69
2.1.05.15.05;OIKOS SOLUÇÕES AMBIENTAIS LTDA;-68.241,45;81.053,16;80.428,40;-67.616,69
2.1.05.16;"GRUPO ""P""";-32.728,80;32.728,80;32.728,80;-32.728,80
2.1.05.16.19;PROOF SERVICOS E COMERCIO DE INFORMATICA LTDA;-32.728,80;32.728,80;32.728,80;-32.728,80
2.1.05.18;"GRUPO ""S""";-4.776,23;4.776,23;1.983,40;-1.983,40
2.1.05.18.30;SINQIA TECNOLOGIA LTDA;-2.792,83;2.792,83;0,00;0,00
2.1.05.18.33;SCHNEIDER ELECTRIC BRASIL LTDA;-1.983,40;1.983,40;1.983,40;-1.983,40
2.1.05.19;"GRUPO ""T""";-5.516,00;8.117,69;8.117,69;-5.516,00
2.1.05.19.04;TOCANTINS ADVOGADOS;-1.576,00;0,00;0,00;-1.576,00
2.1.05.19.20;TM SERVIÇOS;-3.940,00;4.000,00;4.000,00;-3.940,00
2.1.05.19.24;TG4 SOLUÇÕES DE TECNOLOGIA LTDA;0,00;4.117,69;4.117,69;0,00
2.1.05.22;"GRUPO ""V""";0,00;2.709,99;2.709,99;0,00
2.1.05.22.08;VITAL MED ESPECIALIZAÇÕES;0,00;2.709,99;2.709,99;0,00
2.1.12;PROVISÕES;-96.830,00;96.830,00;0,00;0,00
2.1.12.02;KPMG ASSURANCE SERVICES LTDA;-96.830,00;96.830,00;0,00;0,00
2.1.14;CONTAS A PAGAR - ALUGUEL;-5.804.264,43;663.240,88;95.095,79;-5.236.119,34
2.1.14.01;ALUGUEL - CONTRATO DE LOCAÇÃO;-7.122.665,17;663.240,88;0,00;-6.459.424,29
2.1.14.02;JUROS S/ALUGUEL - CONTRATO DE LOCAÇÃO;1.318.400,74;0,00;95.095,79;1.223.304,95
2.1.29;PROVISÃO PARA CONTRIBUIÇÃO SOCIAL;-2.527.258,67;1.802.967,81;2.382.496,86;-3.106.787,72
2.1.29.01;CSLL - LUCRO REAL ESTIMATIVA;-951.376,62;951.376,62;851.591,19;-851.591,19
2.1.29.03;CSLL - LUCRO REAL SUSPENSÃO;-1.575.882,05;851.591,19;1.530.905,67;-2.255.196,53
2.1.30;PROVISÃO PARA IMPOSTO DE RENDA;-7.753.567,28;4.486.575,15;6.426.748,60;-9.693.740,73
2.1.30.01;IRPJ - LUCRO REAL ESTIMATIVA;-2.254.225,95;2.254.225,95;2.232.349,20;-2.232.349,20
2.1.30.03;IRPJ - LUCRO REAL SUSPENSÃO;-5.499.341,33;2.232.349,20;4.194.399,40;-7.461.391,53
2.1.60;PROVISÃO PARA FÉRIAS;-5.120.400,65;785.302,13;685.973,74;-5.021.072,26
2.1.60.01;FÉRIAS;-3.933.583,07;589.037,26;405.580,13;-3.750.125,94
2.1.60.02;INSS;-1.017.082,02;127.822,30;108.695,43;-997.955,15
2.1.60.03;FGTS;-303.572,41;38.155,92;32.439,77;-297.856,26
2.1.60.05;FERIAS NO PROXIMO MES;133.836,85;30.286,65;139.258,41;24.865,09
2.1.70;PROVISÃO PARA 13º SALÁRIO;-534.117,48;19.835,65;290.783,26;-805.065,09
2.1.70.01;13º SALÁRIO;-399.014,47;11.120,98;215.718,32;-603.611,81
2.1.70.02;INSS;-106.935,80;3.497,67;57.812,56;-161.250,69
2.1.70.03;FGTS;-28.167,21;5.217,00;17.252,38;-40.202,59
2.5;NÃO CIRCULANTE;-15.612.758,25;0,00;0,00;-15.612.758,25
2.5.01;OBRIGAÇÕES A LONGO PRAZO;-103.987,98;0,00;0,00;-103.987,98
2.5.01.05;PROVISÕES JUDICIAIS;-103.987,98;0,00;0,00;-103.987,98
2.5.01.05.01;TRABALHISTA;-103.987,98;0,00;0,00;-103.987,98
2.5.01.05.01.001;PROCESSO 0011358-34.2015.5.01.0017;-103.987,98;0,00;0,00;-103.987,98
2.5.11;CONTAS A PAGAR - ALUGUEL;-15.508.770,27;0,00;0,00;-15.508.770,27
2.5.11.01;ALUGUEL - CONTRATO DE LOCAÇÃO;-16.958.523,19;0,00;0,00;-16.958.523,19
2.5.11.02;JUROS S/ALUGUEL - CONTRATO DE LOCAÇÃO;1.449.752,92;0,00;0,00;1.449.752,92
2.8;PATRIMÔNIO LÍQUIDO;-113.161.418,86;106.355.076,92;17.834,03;-6.824.175,97
2.8.01;CAPITAL SOCIAL;-6.842.010,00;0,00;0,00;-6.842.010,00
2.8.01.01;NACIONAL;-6.842.010,00;0,00;0,00;-6.842.010,00
2.8.01.01.79;SPX CAPITAL HOLDING LTDA;-6.842.010,00;0,00;0,00;-6.842.010,00
2.8.06;OUTRAS CONTAS;-106.319.408,86;106.355.076,92;17.834,03;17.834,03
2.8.06.04;LUCROS/SALDOS À DISPOSIÇÃO DA ASSEMBLÉIA;-106.319.408,86;106.337.242,89;17.834,03;0,00
2.8.06.04.01;LUCROS ACUM E/OU SALDOS;-106.319.408,86;106.337.242,89;17.834,03;0,00
2.8.06.05;DISTRIBUIÇÃO ANTECIPADA DE LUCROS;0,00;17.834,03;0,00;17.834,03
2.8.06.05.01;DISTRIBUIÇÃO ANTECIPADA DE LUCROS;0,00;17.834,03;0,00;17.834,03
3;CUSTOS E DESPESAS;30.978.566,91;15.313.174,63;380.717,58;45.911.023,96
3.1;CUSTOS DE VENDAS E SERVIÇOS;3.808.043,61;1.794.183,91;86.081,11;5.516.146,41
3.1.03;CUSTO DOS SERVIÇOS PRESTADOS;3.808.043,61;1.794.183,91;86.081,11;5.516.146,41
3.1.03.01;MERCADO INTERNO;3.808.043,61;1.794.183,91;86.081,11;5.516.146,41
3.1.03.01.06;SERVIÇOS PRESTADOS;1.578.110,10;459.545,51;5.383,55;2.032.272,06
3.1.03.01.06.001;SERVIÇOS PRESTADOS NO EXTERIOR - PJ;24.558,77;342,21;0,00;24.900,98
3.1.03.01.06.006;LIVROS E PERIÓDICOS;12.295,34;4.665,84;0,00;16.961,18
3.1.03.01.06.013;CONTRIBUIÇÃO - ANBIMA/CVM/CORECOM/AMEC;90.625,77;37.277,00;0,00;127.902,77
3.1.03.01.06.014;VIAGENS E ESTADIAS;578.399,66;358.746,49;0,00;937.146,15
3.1.03.01.06.018;CONSULTORIA;812.522,56;58.200,46;5.383,55;865.339,47
3.1.03.01.06.096;PIS S/ SERVIÇOS PRESTADOS;6.722,83;38,71;0,00;6.761,54
3.1.03.01.06.097;COFINS S/ SERVIÇOS PRESTADOS;30.965,76;178,33;0,00;31.144,09
3.1.03.01.06.098;ISS S/ SERVIÇOS PRESTADOS;17.515,53;96,47;0,00;17.612,00
3.1.03.01.06.099;CIDE S/ SERVIÇOS PRESTADOS;4.503,88;0,00;0,00;4.503,88
3.1.03.01.07;CUSTOS COMPLEMENTARES;429.014,66;262.663,05;7.917,37;683.760,34
3.1.03.01.07.003;COMISSÕES SOBRE FIANÇAS;22.007,80;1.979,22;0,00;23.987,02
3.1.03.01.07.005;IPTU;76.980,33;54.174,47;0,00;131.154,80
3.1.03.01.07.014;CONDOMÍNIO;135.498,33;84.437,25;0,00;219.935,58
3.1.03.01.07.021;LUZ E FORÇA;147.085,42;100.699,96;7.917,37;239.868,01
3.1.03.01.07.022;ÁGUA E ESGOTO;47.442,78;21.372,15;0,00;68.814,93
3.1.03.01.08;INFRA-ESTRUTURA;355.385,53;207.736,45;942,11;562.179,87
3.1.03.01.08.001;DATACENTER EXTERNO/LINKS ESPECIFICOS;123.817,96;62.037,30;0,00;185.855,26
3.1.03.01.08.002;LINK TELEFONIA E DADOS;132.388,59;95.873,32;942,11;227.319,80
3.1.03.01.08.004;SERV. MANUTENÇÃO E TERCEIRIZADOS;99.178,98;49.825,83;0,00;149.004,81
3.1.03.01.09;SISTEMAS;1.445.533,32;864.238,90;71.838,08;2.237.934,14
3.1.03.01.09.001;REUTERS, BROADC. VALORPRO, CMA E CNBC;73.874,51;28.980,06;2.680,65;100.173,92
3.1.03.01.09.002;LOTE45, SIRSAN, COMPLI, RISKTETRICS, AIM;187.255,26;189.044,45;17.486,61;358.813,10
3.1.03.01.09.003;OUTROS SISTEMAS;1.055.702,60;307.226,05;27.997,43;1.334.931,22
3.1.03.01.09.004;SISTEMA BLOOMBERG + BOLSA;46.231,66;255.928,53;23.673,39;278.486,80
3.1.03.01.09.096;PIS S/ SERVIÇOS PRESTADOS;6.730,05;7.957,04;0,00;14.687,09
3.1.03.01.09.097;COFINS S/ SERVIÇOS PRESTADOS;30.998,98;36.650,60;0,00;67.649,58
3.1.03.01.09.098;ISS S/ SERVIÇOS PRESTADOS;13.635,78;22.637,53;0,00;36.273,31
3.1.03.01.09.099;CIDE S/ SERVIÇOS PRESTADOS;31.104,48;15.814,64;0,00;46.919,12
3.2;DESPESAS OPERACIONAIS;13.373.560,90;7.793.685,65;294.636,47;20.872.610,08
3.2.02;DESPESAS COM PESSOAL;9.927.980,98;5.031.274,07;169.519,39;14.789.735,66
3.2.02.01;SALÁRIOS;4.548.839,58;2.128.125,31;0,00;6.676.964,89
3.2.02.02;GRATIFICAÇÕES;1.810,00;10.450,00;0,00;12.260,00
3.2.02.03;HORAS  EXTRAS;76.339,75;30.684,62;0,00;107.024,37
3.2.02.05;FÉRIAS;0,00;5.168,13;0,00;5.168,13
3.2.02.08;DESPESAS COM ALIMENTAÇÃO;894.847,00;374.109,00;0,00;1.268.956,00
3.2.02.10;DESPESAS MÉDICAS;507.399,89;2.751,26;0,00;510.151,15
3.2.02.11;SEGURO SAÚDE;518.118,43;511.311,90;0,00;1.029.430,33
3.2.02.12;SEGURO DE VIDA EM GRUPO;3.039,68;1.508,80;0,00;4.548,48
3.2.02.13;INSS - PARTE EMPRESA;1.170.579,43;704.066,61;127.822,30;1.746.823,74
3.2.02.14;FGTS;379.405,49;228.480,45;38.155,92;569.730,02
3.2.02.16;DESPESAS COM TRANSPORTES;14.412,48;10.825,38;3.302,89;21.934,97
3.2.02.20;DESPESAS COM ESTAGIÁRIOS;172.374,99;109.841,68;0,00;282.216,67
3.2.02.21;INDENIZAÇÕES;52.186,73;36.734,92;238,28;88.683,37
3.2.02.22;RECRUTAMENTO E SELEÇÃO;1.163,15;1.905,47;0,00;3.068,62
3.2.02.23;AJUDA DE  CUSTO;23.130,82;15.610,89;0,00;38.741,71
3.2.02.25;PLANO ODONTOLÓGICO;45.159,00;0,00;0,00;45.159,00
3.2.02.28;CONTRIBUIÇÕES E SINDICATOS;600,00;300,00;0,00;900,00
3.2.02.30;ADICIONAL DE SOBREAVISO;5.680,33;1.935,78;0,00;7.616,11
3.2.02.31;GRATIFICAÇÃO ESTAGIARIO;218.407,91;0,00;0,00;218.407,91
3.2.02.34;AJUDA DE CURSO ESTAGIARIO;938,71;0,00;0,00;938,71
3.2.02.35;AUXILIO CRECHE;15.724,00;8.006,00;0,00;23.730,00
3.2.02.36;AUXILIO MORADIA ESTAGIARIO;8.000,00;8.000,00;0,00;16.000,00
3.2.02.99;DESPESA COM CONSTITUIÇÃO DE PROVISÃO;1.269.823,61;841.457,87;0,00;2.111.281,48
3.2.02.99.01;PROVISÃO DE FÉRIAS;721.974,93;547.803,33;0,00;1.269.778,26
3.2.02.99.01.001;FÉRIAS;535.600,06;406.668,13;0,00;942.268,19
3.2.02.99.01.002;INSS - PARTE EMPRESA;143.540,78;108.695,43;0,00;252.236,21
3.2.02.99.01.003;FGTS;42.834,09;32.439,77;0,00;75.273,86
3.2.02.99.02;PROVISAO PARA 13º SALÁRIO;547.848,68;293.654,54;0,00;841.503,22
3.2.02.99.02.001;13º SALÁRIO;406.423,97;215.718,32;0,00;622.142,29
3.2.02.99.02.002;INSS - PARTE EMPRESA;108.921,54;57.812,56;0,00;166.734,10
3.2.02.99.02.003;FGTS;32.503,17;20.123,66;0,00;52.626,83
3.2.03;DESPESAS  ADMINISTRATIVAS;423.779,54;778.679,14;301,29;1.202.157,39
3.2.03.03;ALUGUEL DE MÁQUINAS E EQUIPAMENTOS;24.061,43;13.587,85;0,00;37.649,28
3.2.03.06;CONDUÇÃO;8.616,98;6.390,58;0,00;15.007,56
3.2.03.07;CONSERVAÇÃO;2.159,18;777,00;0,00;2.936,18
3.2.03.08;MATERIAL DE LIMPEZA;24.577,83;12.783,56;0,00;37.361,39
3.2.03.12;CORREIO/REMESSA DE DOCUMENTOS;3.642,64;144,34;0,00;3.786,98
3.2.03.13;DESPESAS COM BRINDES;1.114,86;0,00;0,00;1.114,86
3.2.03.17;DESPESAS LEGAIS;88,47;100,56;0,00;189,03
3.2.03.18;DOAÇÕES;50.000,00;0,00;0,00;50.000,00
3.2.03.19;FRETES E CARRETOS;9.197,12;1.364,30;0,00;10.561,42
3.2.03.22;MATERIAL DE ESCRITÓRIO;10.142,57;7.736,90;0,00;17.879,47
3.2.03.23;MEDICAMENTOS;1.162,12;169,62;0,00;1.331,74
3.2.03.24;PUBLICIDADE;1.440,00;667,50;0,00;2.107,50
3.2.03.25;ALIMENTAÇÃO;159.737,97;91.814,06;301,29;251.250,74
3.2.03.27;SEGUROS;2.457,75;909,90;0,00;3.367,65
3.2.03.28;TELEFONE/FAX;277,70;0,00;0,00;277,70
3.2.03.29;MATERIAL COPA COZINHA;2.635,63;751,54;0,00;3.387,17
3.2.03.31;INTERNET;539,96;1.079,92;0,00;1.619,88
3.2.03.35;DESPESAS COM EVENTOS;0,00;532.508,00;0,00;532.508,00
3.2.03.37;MATERIAL DE INFORMÁTICA;710,63;0,00;0,00;710,63
3.2.03.52;LICENÇA DE SOFTWARE;121.216,70;107.893,51;0,00;229.110,21
3.2.04;DESPESAS FINANCEIRAS;199.033,88;136.687,81;0,00;335.721,69
3.2.04.01;DESCONTOS CONCEDIDOS;0,02;0,00;0,00;0,02
3.2.04.01.01;DESCONTOS CONCEDIDOS;0,02;0,00;0,00;0,02
3.2.04.02;DESPESAS DE JUROS;198.328,40;95.111,90;0,00;293.440,30
3.2.04.02.05;JUROS S/IMPOSTOS E CONTRIBUIÇÕES;50,75;16,11;0,00;66,86
3.2.04.02.05.001;IMPOSTOS/CONTRIBUIÇÕES;50,75;16,11;0,00;66,86
3.2.04.02.08;JUROS ARRENDAMENTO IFRS 16;198.277,65;95.095,79;0,00;293.373,44
3.2.04.03;DIFERENÇA DE CÂMBIO;0,00;39.803,20;0,00;39.803,20
3.2.04.03.01;DIFERENÇA DE CÂMBIO - REALIZADA;0,00;39.803,20;0,00;39.803,20
3.2.04.06;OUTRAS DESPESAS FINANCEIRAS;705,46;1.772,71;0,00;2.478,17
3.2.04.06.01;DESPESAS BANCÁRIAS;263,63;129,94;0,00;393,57
3.2.04.06.04;MULTAS S/ IMPOSTOS E CONTRIBUIÇÕES;410,75;1.538,64;0,00;1.949,39
3.2.04.06.05;MULTAS CONTRATUAIS;31,08;104,13;0,00;135,21
3.2.05;IMPOSTOS E TAXAS;249.801,61;65.167,02;0,00;314.968,63
3.2.05.05;PIS S OUTRAS RECEITAS OPERACIONAIS;29.330,56;1.959,09;0,00;31.289,65
3.2.05.06;IOF & IOC;39.975,26;51.151,97;0,00;91.127,23
3.2.05.09;COFINS S/ OUTRAS RECEITAS OPERACIONAIS;180.495,79;12.055,96;0,00;192.551,75
3.2.06;SERVIÇOS PRESTADOS;615.099,72;582.634,25;0,00;1.197.733,97
3.2.06.02;HONORÁRIOS DE ADVOGADOS - PJ;23.303,46;4.693,10;0,00;27.996,56
3.2.06.03;HONORÁRIOS DE AUDITORES - PJ;0,00;79.044,90;0,00;79.044,90
3.2.06.05;HONORÁRIOS DE CONTADOR - PJ;77.471,66;35.855,75;0,00;113.327,41
3.2.06.08;SERVIÇOS PRESTADOS - PF;4.610,92;0,00;0,00;4.610,92
3.2.06.12;SERVIÇOS PRESTADOS;508.791,50;463.040,50;0,00;971.832,00
3.2.06.12.01;SERV. PREST. C/ RETENÇÃO 1,5%;43.002,47;83.835,87;0,00;126.838,34
3.2.06.12.02;SERV. PREST. C/ RETENÇÃO 1,0%;221.081,53;115.542,06;0,00;336.623,59
3.2.06.12.03;SERV. PREST. S/ RETENÇÃO;244.707,50;263.662,57;0,00;508.370,07
3.2.06.99;INSS S/SERVIÇOS DE TERCEIROS;922,18;0,00;0,00;922,18
3.2.07;OUTRAS DESPESAS OPERACIONAIS;1.857.863,02;1.031.734,11;95.026,69;2.794.570,44
3.2.07.01;DEPR./AMORT./EXAUST.;1.857.863,02;1.027.338,11;95.026,69;2.790.174,44
3.2.07.01.02;INSTALAÇÕES;1.151,14;634,23;58,66;1.726,71
3.2.07.01.03;MÁQUINAS E EQUIPAMENTOS;3.372,90;1.858,34;171,89;5.059,35
3.2.07.01.05;MÓVEIS E UTENSÍLIOS;37.604,34;20.728,56;1.915,31;56.417,59
3.2.07.01.07;EQUIPAMENTOS DE COMUNICAÇÃO;10.236,31;5.710,27;528,20;15.418,38
3.2.07.01.10;SOFTWARE;27.980,88;15.360,73;1.420,87;41.920,74
3.2.07.01.12;EQUIPAMENTOS DE INFORMÁTICA;163.135,57;93.545,75;8.652,98;248.028,34
3.2.07.01.17;BENFEITORIAS EM IMÓVEIS DE TERCEIROS;571.649,37;314.991,96;29.136,76;857.504,57
3.2.07.01.26;ARRENDAMENTO IFRS 16;1.042.732,51;574.508,27;53.142,02;1.564.098,76
3.2.07.02;DESPESAS COM BENS PERMANENTES;0,00;4.396,00;0,00;4.396,00
3.2.07.02.01;VALOR CONTÁBIL;0,00;4.396,00;0,00;4.396,00
3.2.08;DESPESAS OPERACIONAIS NÃO-DEDUTÍVEIS;100.002,15;167.509,25;29.789,10;237.722,30
3.2.08.02;ADMINISTRATIVAS;100.002,15;118.401,25;29.789,10;188.614,30
3.2.08.02.13;DESPESA COM BRINDES;4.145,00;29.789,10;0,00;33.934,10
3.2.08.02.17;DESPESAS LEGAIS;62,50;0,00;0,00;62,50
3.2.08.02.18;DOAÇÕES;29.789,10;0,00;29.789,10;0,00
3.2.08.02.33;DESPESA COM ORNAMENTAÇÃO;16.820,00;12.893,00;0,00;29.713,00
3.2.08.02.34;DESPESAS COM CONFRATERNIZAÇÃO;7.260,00;35.400,00;0,00;42.660,00
3.2.08.02.35;DESPESAS COM EVENTOS;11.718,00;0,00;0,00;11.718,00
3.2.08.02.36;DESPESA COM DECORAÇÃO;318,00;0,00;0,00;318,00
3.2.08.02.39;PATROCINIO;29.889,55;40.000,00;0,00;69.889,55
3.2.08.02.99;OUTRAS;0,00;319,15;0,00;319,15
3.2.08.03;FINANCEIRAS;0,00;49.108,00;0,00;49.108,00
3.2.08.03.02;RESSARCIMENTO FUNDOS;0,00;49.108,00;0,00;49.108,00
3.8;PROVISÃO PARA CONTRIBUIÇÃO SOCIAL;3.688.726,62;1.530.905,67;0,00;5.219.632,29
3.8.03;CSLL S/ LUCRO REAL;3.688.726,62;1.530.905,67;0,00;5.219.632,29
3.8.03.01;CSLL S/ LUCRO REAL;3.688.726,62;1.530.905,67;0,00;5.219.632,29
3.9;PROVISÃO PARA IMPOSTO DE RENDA;10.108.235,78;4.194.399,40;0,00;14.302.635,18
3.9.03;IRPJ S/ LUCRO REAL;10.108.235,78;4.194.399,40;0,00;14.302.635,18
3.9.03.01;IRPJ S/ LUCRO REAL;10.108.235,78;4.194.399,40;0,00;14.302.635,18
4;RECEITAS;-57.741.487,75;2.855.534,28;29.025.495,87;-83.911.449,34
4.1;RECEITAS OPERACIONAIS;-53.083.294,05;2.855.534,28;28.627.266,90;-78.855.026,67
4.1.02;RECEITAS DE SERVIÇOS;-53.083.294,05;2.855.534,28;28.627.266,90;-78.855.026,67
4.1.02.01;MERCADO INTERNO;-45.332.284,71;2.776.608,51;24.680.978,07;-67.236.654,27
4.1.02.01.01;RECEITAS DE SERVIÇOS PRESTADOS;-51.078.627,91;0,00;24.680.978,07;-75.759.605,98
4.1.02.01.99;DEDUÇÕES DE SERVIÇOS PRESTADOS;5.746.343,20;2.776.608,51;0,00;8.522.951,71
4.1.02.01.99.001;ISS;1.021.570,30;493.618,07;0,00;1.515.188,37
4.1.02.01.99.002;PIS S/FATURAMENTO;842.797,41;407.236,15;0,00;1.250.033,56
4.1.02.01.99.003;COFINS S/ FATURAMENTO;3.881.975,49;1.875.754,29;0,00;5.757.729,78
4.1.02.02;MERCADO EXTERNO;-7.751.009,34;78.925,77;3.946.288,83;-11.618.372,40
4.1.02.02.01;RECEITAS DE SERVIÇOS PRESTADOS;-7.909.193,18;0,00;3.946.288,83;-11.855.482,01
4.1.02.02.99;DEDUÇÕES DE SERVIÇOS PRESTADOS;158.183,84;78.925,77;0,00;237.109,61
4.1.02.02.99.001;ISS;158.183,84;78.925,77;0,00;237.109,61
4.2;OUTRAS RECEITAS OPERACIONAIS;-4.658.193,70;0,00;398.228,97;-5.056.422,67
4.2.01;RECEITAS FINANCEIRAS;-4.599.948,09;0,00;301.398,97;-4.901.347,06
4.2.01.01;RECEITAS APLICAÇÕES FINANCEIRAS;-4.487.564,87;0,00;300.262,15;-4.787.827,02
4.2.01.01.01;FUNDOS DE APLICAÇÕES FINANCEIRAS;-4.487.564,87;0,00;300.262,15;-4.787.827,02
4.2.01.01.01.001;BANCO ITAU;-534.783,70;0,00;215.014,68;-749.798,38
4.2.01.01.01.002;BANCO BTG PACTUAL;-3.952.781,17;0,00;85.247,47;-4.038.028,64
4.2.01.02;RECEITAS DE JUROS;-24.823,83;0,00;1.136,80;-25.960,63
4.2.01.02.04;JUROS S/IMPOSTOS/CONTRIBUIÇ. A RECUPERAR;-24.823,83;0,00;1.136,80;-25.960,63
4.2.01.02.04.001;IMPOSTOS/CONTRIBUIÇÕES;-24.823,83;0,00;1.136,80;-25.960,63
4.2.01.03;RECEITAS DE DESCONTOS;-6,04;0,00;0,02;-6,06
4.2.01.03.01;RECEITAS DE DESCONTOS;-6,04;0,00;0,02;-6,06
4.2.01.04;DIFERENÇA DE CÂMBIO;-87.553,35;0,00;0,00;-87.553,35
4.2.01.04.01;DIFERENÇA DE CÂMBIO - REALIZADA;-87.553,35;0,00;0,00;-87.553,35
4.2.06;RECEITAS NÃO TRIBUTÁVEIS;-58.245,61;0,00;96.830,00;-155.075,61
4.2.06.03;REVERSÃO DE PROVISÕES;-58.245,61;0,00;96.830,00;-155.075,61
Lucro Acumulado;-38.000.425,38;;;;
Lucro no Período;-11.237.504,54;;;;
;;;;;
;BRUNO MAFRA DA GAMA;;GLORIA CUNHA DOS SANTOS;;
;Responsável;;Contador;;
;09414936793;;059507O0;;
;80430236700;;;;
